﻿pos_x,pos_y,rotation,side,designator,mpn,pack,footprint,value,mount_type,place
133.453671,-112.117962,0.0,top,@HOLE0,,,,,tht,True
162.821643,-112.117962,0.0,top,@HOLE1,,,,,tht,True
132.375902,-69.477012,0.0,top,@HOLE2,,,,,tht,True
163.933277,-69.477012,0.0,top,@HOLE3,,,,,tht,True
110.135643,-109.091162,0.0,top,@HOLE4,,,,,tht,True
190.538352,-93.658152,0.0,top,@HOLE5,,,,,tht,True
148.131733,-135.58773,0.0,top,@HOLE6,,,,,tht,True
87.684202,-134.545402,0.0,top,@HOLE7,,,,,tht,True
208.566886,-133.646955,0.0,top,@HOLE8,,,,,tht,True
84.074,-109.601,180.0,bottom,A,,,PinHeader_1x01_P2.54mm_Vertical,Conn_01x01_Pin,tht,True
91.948,-117.602,180.0,bottom,B,,,PinHeader_1x01_P2.54mm_Vertical,Conn_01x01_Pin,tht,True
83.999758,-102.593155,180.0,bottom,BUT_A0,,,BUTTON,,tht,True
91.987764,-110.42668,180.0,bottom,BUT_B0,,,BUTTON,,tht,True
204.457074,-110.42668,0.0,bottom,BUT_DN0,,,BUTTON,,tht,True
208.323136,-75.051068,0.0,top,BUT_L0,,,BUTTON_LR,BUTTON_LR,tht,True
212.399293,-102.593155,0.0,bottom,BUT_LF0,,,BUTTON,,tht,True
85.978693,-74.962152,0.0,top,BUT_R0,,,BUTTON_LR,BUTTON_LR,tht,True
196.558121,-102.593155,0.0,bottom,BUT_RG0,,,BUTTON,,tht,True
97.73258,-81.317852,180.0,bottom,BUT_SEL0,,,BUTTON_SMALL,BUTTON_SMALL,tht,True
86.238486,-81.317852,180.0,bottom,BUT_ST0,,,BUTTON_SMALL,BUTTON_SMALL,tht,True
204.457074,-94.690315,0.0,bottom,BUT_UP0,,,BUTTON,,tht,True
91.987764,-94.690315,180.0,bottom,BUT_X0,,,BUTTON,,tht,True
99.899099,-102.593155,180.0,bottom,BUT_Y0,,,BUTTON,,tht,True
140.462002,-77.724,90.0,bottom,C1,,,C_0603_1608Metric_Pad1.08x0.95mm_HandSolder,0.1uF,smt,True
142.367,-77.724,90.0,bottom,C2,,,C_0603_1608Metric_Pad1.08x0.95mm_HandSolder,1uF,smt,True
135.382,-101.884,180.0,bottom,C3,,,C_0603_1608Metric_Pad1.08x0.95mm_HandSolder,0.1uF,smt,True
135.382,-103.632,180.0,bottom,C4,,,C_0603_1608Metric_Pad1.08x0.95mm_HandSolder,1uF,smt,True
149.352,-98.933,135.0,bottom,C5,,,C_0603_1608Metric_Pad1.08x0.95mm_HandSolder,0.1uF,smt,True
148.082,-100.203,135.0,bottom,C6,,,C_0603_1608Metric_Pad1.08x0.95mm_HandSolder,1uF,smt,True
204.47,-105.029,180.0,bottom,DOWN,,,PinHeader_1x01_P2.54mm_Vertical,Conn_01x01_Pin,tht,True
84.582,-123.952,0.0,top,J1,,,PinHeader_1x01_P2.54mm_Vertical,Conn_01x01_Pin,tht,True
88.265,-123.952,0.0,top,J2,,,PinHeader_1x01_P2.54mm_Vertical,Conn_01x01_Pin,tht,True
91.948,-123.952,0.0,top,J3,,,PinHeader_1x01_P2.54mm_Vertical,Conn_01x01_Pin,tht,True
95.631,-123.952,0.0,top,J4,,,PinHeader_1x01_P2.54mm_Vertical,Conn_01x01_Pin,tht,True
107.188,-123.952,0.0,top,J5,,,PinHeader_1x01_P2.54mm_Vertical,Conn_01x01_Pin,tht,True
210.693,-96.901,180.0,bottom,LEFT,,,PinHeader_1x01_P2.54mm_Vertical,Conn_01x01_Pin,tht,True
122.428,-129.667,0.0,bottom,R1,,,R_0603_1608Metric_Pad0.98x0.95mm_HandSolder,270Ω,smt,True
126.365,-128.143,0.0,bottom,R2,,,R_0603_1608Metric_Pad0.98x0.95mm_HandSolder,270Ω,smt,True
130.556,-126.746,0.0,bottom,R3,,,R_0603_1608Metric_Pad0.98x0.95mm_HandSolder,270Ω,smt,True
194.691,-96.901,180.0,bottom,RIGHT,,,PinHeader_1x01_P2.54mm_Vertical,Conn_01x01_Pin,tht,True
142.494,-97.917,180.0,bottom,RN1,,,R_Array_Convex_5x1206,47kΩ,smt,True
155.321,-97.79,180.0,bottom,RN2,,,R_Array_Convex_5x1206,47kΩ,smt,True
106.553,-80.645,180.0,bottom,SELECT,,,PinHeader_1x01_P2.54mm_Vertical,Conn_01x01_Pin,tht,True
82.169,-87.249,180.0,bottom,START,,,PinHeader_1x01_P2.54mm_Vertical,Conn_01x01_Pin,tht,True
148.336,-84.328,-90.0,bottom,U1,,,V520B-SNES,~,smt,True
146.177,-103.251,180.0,bottom,U2,,,DIP-16_W7.62mm,4021,tht,True
159.258,-103.251,180.0,bottom,U3,,,DIP-16_W7.62mm,4021,tht,True
202.311,-89.154,180.0,bottom,UP,,,PinHeader_1x01_P2.54mm_Vertical,Conn_01x01_Pin,tht,True
90.551,-100.203,180.0,bottom,X,,,PinHeader_1x01_P2.54mm_Vertical,Conn_01x01_Pin,tht,True
99.949,-109.093,180.0,bottom,Y,,,PinHeader_1x01_P2.54mm_Vertical,Conn_01x01_Pin,tht,True
