﻿Designator,Quantity,Value,Footprint,Package,MPN,DNP,Mount_Type,Description,Part No
"@HOLE0, @HOLE1, @HOLE2, @HOLE3, @HOLE4, @HOLE5, @HOLE6, @HOLE7, @HOLE8",9,,,,,,tht,,
"A, B, DOWN, J1, J2, J3, J4, J5, LEFT, RIGHT, SELECT, START, UP, X, Y",15,Conn_01x01_Pin,PinHeader_1x01_P2.54mm_Vertical,,,,tht,"Generic connector, single row, 01x01, script generated",
"BUT_A0, BUT_B0, BUT_DN0, BUT_LF0, BUT_RG0, BUT_UP0, BUT_X0, BUT_Y0",8,,BUTTON,,,,tht,,
"BUT_L0, BUT_R0",2,BUTTON_LR,BUTTON_LR,,,,tht,,
"BUT_SEL0, BUT_ST0",2,BUTTON_SMALL,BUTTON_SMALL,,,,tht,,
"C1, C3, C5",3,0.1uF,C_0603_1608Metric_Pad1.08x0.95mm_HandSolder,,,,smt,"Unpolarized capacitor, small symbol",CC0603KRX7R7BB104
"C2, C4, C6",3,1uF,C_0603_1608Metric_Pad1.08x0.95mm_HandSolder,,,,smt,"Unpolarized capacitor, small symbol",CC0603KRX7R7BB105
"R1, R2, R3",3,270Ω,R_0603_1608Metric_Pad0.98x0.95mm_HandSolder,,,,smt,"270 Ohms ±1% 0.1W, 1/10W Chip Resistor 0603 (1608 Metric) Automotive AEC-Q200 Thick Film",RMCF0603FT270R
"RN1, RN2",2,47kΩ,R_Array_Convex_5x1206,,,,smt,"8 resistor network, star topology, bussed resistors, small symbol",YC158TJR-0747KL
U1,1,~,V520B-SNES,,,,smt,,
"U2, U3",2,4021,DIP-16_W7.62mm,,,,tht,8-bit static shift register,
